experiment_id,recurrent_type,embedding_dim,hidden_dim,dropout_rate,neutral_weight_multiplier,parameter_count,epochs_run,best_epoch,best_validation_loss,best_validation_accuracy,best_validation_macro_f1,negative_f1,neutral_precision,neutral_recall,neutral_f1,positive_f1,improvement_over_phase7_validation_macro_f1,experiment_seconds,notes
phase7_baseline_reference,GRU,64,64,0.3,1.0,1172291,3,3,,0.6313,0.6185,0.6935,0.6548,0.4543,0.5365,0.6256,0.0,,saved Phase 7 baseline validation result; not retrained in Phase 9
gru_hidden96_dropout02,GRU,64,96,0.2,1.0,1194083,4,4,0.7584949157796099,0.6926127351008384,0.6874150429835696,0.7392798446137755,0.6666666666666666,0.5987116331943918,0.6308644440007987,0.6921008403361344,0.06891504298356954,28.03,larger GRU hidden state with slightly lower dropout
gru_hidden96_neutral_boost,GRU,64,96,0.3,1.2,1194083,4,4,0.7787104632993309,0.6699524133242692,0.6669865091879362,0.703227828267001,0.6130253691783415,0.6134899583175445,0.6132575757575757,0.684474123539232,0.04848650918793618,27.84,larger GRU with extra neutral-class weight
lstm_hidden64_dropout03,LSTM,64,64,0.3,1.0,1180611,4,4,0.8093017503406466,0.6675730795377295,0.6584648566750366,0.712924783165079,0.698744769874477,0.5062523683213338,0.5871237090749285,0.6753460777851023,0.039964856675036575,25.9,"same hidden size as baseline, LSTM recurrent cell"
