label,precision,recall,f1_score,support
Negative,0.6297,0.7911,0.7012,3241
Neutral,0.6889,0.4581,0.5503,2639
Positive,0.6215,0.6327,0.6271,2946
accuracy,0.6387,0.6387,0.6387,8826
macro_avg,0.6467,0.6273,0.6262,8826
weighted_avg,0.6447,0.6387,0.6313,8826
weighted_cross_entropy_loss,0.8626959932895845,0.8626959932895845,0.8626959932895845,8826
